"POL_NBR","INSRD_NAME","INSRD_ADDR_1","INSRD_CITY","INSRD_ST","INSRD_ZIP","EFF_DT","EXP_DT","ASL","CLASS_CD","WRT_PREM","ERN_PREM","POL_TYPE","CLAIM_NBR","ACC_DT","RPT_DT","CLM_STATUS","LOSS_TYPE","PD_INDEM","CASE_RSV","PD_ALAE","TOTAL_ALAE","RECOVERY_AMT"
"PLB010000","John Williams","520 1st Ave","Austin","IL",62098,"04/28/2024","04/28/2025",18.2,10060,832,"NULL","PKG","B-CLM-005000","2024-12-15","2025-01-18","CLSD","PRODUCTS LIABILITY",3071.0,31843.0,0.0,0.0,NULL
"PLB010001","Richard Rodriguez","947 Maple Blvd","Austin","IA",20911,"10-12-2023","10-11-2024",17.2,52000,3057,"NULL","MONO","NULL","NULL","NULL","NULL","NULL",NULL,NULL,NULL,NULL,NULL
"PLB010002","Susan Williams","8071 Oak Ave","Dallas","GA",36572,"2022-09-26","2023-09-26",17.1,13333,25903,"NULL","PKG","NULL","NULL","NULL","NULL","NULL",NULL,NULL,NULL,NULL,NULL
"PLB010003","Robert Rodriguez","4583 2nd St","Dallas","NULL",NULL,"07/02/2022","07/02/2023",17.1,10060,7384,"NULL","PKG","B-CLM-005003","2022-11-09","2022-11-22","OPEN","ASSAULT/BATTERY",3618.0,97.0,0.0,0.0,NULL
"PLB010004","William Martin","1862 Washington St","Seattle","IA",63955,"20240203","20250202",18.2,95648,8493,"NULL","MONO","B-CLM-005004","2024-06-25","2024-07-02","CLSD","STRUCTURAL COLLAPSE",0.0,8173.0,0.0,0.0,NULL
"PLB010005","Richard Smith","1978 Elm Dr","Portland","KY",62531,"20220917","20230917",18.1,15102,53499,"NULL","PKG","NULL","NULL","NULL","NULL","NULL",NULL,NULL,NULL,NULL,NULL
"PLB010006","Sarah Williams","6417 Maple Blvd","Denver","MO",38318,"11/18/2022","11/18/2023",17.1,19007,3968,"NULL","MONO","NULL","NULL","NULL","NULL","NULL",NULL,NULL,NULL,NULL,NULL
"PLB010007","Mary Rodriguez","7001 Oak Ave","Austin","MA",72959,"20230308","20240307",18.1,47050,19373,"NULL","MONO","NULL","NULL","NULL","NULL","NULL",NULL,NULL,NULL,NULL,NULL
"PLB010008","Thomas Johnson","5627 Main St","Austin","GA",31644,"01/19/2022","01/19/2023",18.2,43891,389,"NULL","PKG","NULL","NULL","NULL","NULL","NULL",NULL,NULL,NULL,NULL,NULL
"PLB010009","Patricia Lopez","1783 Main St","Dallas","LA",215,"03-04-2024","03-04-2025",18.2,50100,12245,"NULL","MONO","NULL","NULL","NULL","NULL","NULL",NULL,NULL,NULL,NULL,NULL
"PLB010010","John Rodriguez","5495 Washington St","Seattle","CT",42297,"01-12-2024","01-11-2025",17.1,11000,670,"NULL","MONO","NULL","NULL","NULL","NULL","NULL",NULL,NULL,NULL,NULL,NULL
"PLB010011","Jessica Rodriguez","5374 2nd St","Dallas","CA",94415,"20240211","20250210",18.2,91340,17757,"NULL","MONO","NULL","NULL","NULL","NULL","NULL",NULL,NULL,NULL,NULL,NULL
"PLB010012","Joseph Gonzalez","3178 2nd St","Austin","MS",53988,"2024-05-26","2025-05-26",17.1,43891,1243,"NULL","PKG","NULL","NULL","NULL","NULL","NULL",NULL,NULL,NULL,NULL,NULL
"PLB010013","Thomas Miller","6656 Pine Rd","Austin","MA",46249,"06/07/2022","06/07/2023",17.2,97047,3024,"NULL","MONO","NULL","NULL","NULL","NULL","NULL",NULL,NULL,NULL,NULL,NULL
"PLB010014","Thomas Anderson","5866 Maple Blvd","Austin","AR",81563,"02/02/2024","02/01/2025",17.2,11126,1097,"NULL","PKG","NULL","NULL","NULL","NULL","NULL",NULL,NULL,NULL,NULL,NULL
"PLB010015","Susan Miller","4916 Pine Rd","Seattle","KY",29489,"12/08/2022","12/08/2023",18.2,60010,4619,"NULL","PKG","NULL","NULL","NULL","NULL","NULL",NULL,NULL,NULL,NULL,NULL
"PLB010016","James Brown","3132 Park Pl","Boston","AK",97432,"2023-10-24","2024-10-23",17.1,43891,1976,"NULL","MONO","B-CLM-005016","2024-02-16","2024-03-13","REOP","COMPLETED OPERATIONS",0.0,11324.0,0.0,818.0,NULL
"PLB010017","Jennifer Smith","9832 Cedar Ln","Seattle","IA",90737,"05/26/2022","05/26/2023",18.2,11000,6876,"NULL","MONO","NULL","NULL","NULL","NULL","NULL",NULL,NULL,NULL,NULL,NULL
"PLB010018","James Jones","6822 Pine Rd","Boston","ME",25703,"11-28-2023","11-27-2024",17.2,91341,8670,"NULL","PKG","B-CLM-005018","2024-05-01","2024-05-30","REOP","MEDICAL PAYMENTS",2822.0,0.0,0.0,1272.0,NULL
"PLB010019","Thomas Garcia","4446 Cedar Ln","Portland","CT",69644,"01/22/2023","01/22/2024",18.1,14279,111150,"NULL","MONO","NULL","NULL","NULL","NULL","NULL",NULL,NULL,NULL,NULL,NULL
"PLB010020","Patricia Smith","8274 Elm Dr","Seattle","MN",28498,"12/18/2022","12/18/2023",18.2,12393,37047,"NULL","PKG","NULL","NULL","NULL","NULL","NULL",NULL,NULL,NULL,NULL,NULL
"PLB010021","Linda Johnson","7852 Cedar Ln","Dallas","AZ",66614,"03-29-2024","03-29-2025",17.1,41668,7105,"NULL","PKG","B-CLM-005021","2024-12-04","2024-12-05","OPEN","COMPLETED OPERATIONS",13017.0,87141.0,110.0,110.0,NULL
"PLB010022","Elizabeth Jackson","7655 Park Pl","Dallas","HI",66128,"2024-04-03","2025-04-03",17.2,51350,3118,"NULL","PKG","NULL","NULL","NULL","NULL","NULL",NULL,NULL,NULL,NULL,NULL
"PLB010023","Sarah Smith","6996 Oak Ave","Dallas","MI",94398,"12-31-2023","12-30-2024",18.2,46202,4405,"NULL","MONO","NULL","NULL","NULL","NULL","NULL",NULL,NULL,NULL,NULL,NULL
"PLB010024","Thomas Johnson","3459 Park Pl","Dallas","ME",87232,"06-17-2024","06-17-2025",17.1,41668,20694,"NULL","PKG","B-CLM-005024","2024-12-29","2025-02-21","REOP","DOG BITE",0.0,11654.0,12207.0,12207.0,NULL
"PLB010025","Karen Brown","7183 Elm Dr","Boston","KS",2232,"2023-10-01","2024-09-30",17.1,62003,47308,"NULL","MONO","B-CLM-005025","2023-10-13","2023-11-08","CLSD","STRUCTURAL COLLAPSE",1100.0,0.0,0.0,469.0,NULL
"PLB010026","Karen Anderson","798 Cedar Ln","Dallas","MI",77402,"20220413","20230413",18.1,45190,14978,"NULL","MONO","B-CLM-005026","2022-11-12","2022-11-22","OPEN","DOG BITE",0.0,0.0,0.0,0.0,NULL
"PLB010027","Robert Rodriguez","5063 1st Ave","Austin","IL",66792,"06/10/2023","06/09/2024",17.2,91341,13856,"NULL","PKG","NULL","NULL","NULL","NULL","NULL",NULL,NULL,NULL,NULL,NULL
"PLB010028","Jessica Hernandez","3893 Pine Rd","Austin","HI",26610,"08-26-2023","08-25-2024",18.2,95625,15930,"NULL","PKG","NULL","NULL","NULL","NULL","NULL",NULL,NULL,NULL,NULL,NULL
"PLB010029","Joseph Gonzalez","2282 Washington St","Denver","MS",33477,"20220316","20230316",18.1,41650,36000,"NULL","MONO","NULL","NULL","NULL","NULL","NULL",NULL,NULL,NULL,NULL,NULL
"PLB010030","Robert Williams","7290 1st Ave","Boston","CO",61912,"2023-03-21","2024-03-20",17.1,64074,13276,"NULL","PKG","B-CLM-005030","2023-05-31","2023-06-24","REOP","STRUCTURAL COLLAPSE",12365.0,3260.0,0.0,1099.0,NULL
"PLB010031","Michael Moore","5500 Main St","Dallas","AK",71990,"09-08-2023","09-07-2024",17.1,45190,28509,"NULL","MONO","B-CLM-005031","2023-11-27","2023-12-02","OPEN","PROPERTY DAMAGE",27517.0,449.0,753.0,753.0,623.0
"PLB010032","Richard Jones","7140 1st Ave","Denver","LA",21719,"2023-05-06","2024-05-05",18.1,46202,14128,"NULL","PKG","B-CLM-005032","2023-11-01","2023-12-02","CLSD","FOOD CONTAMINATION",10451.0,405.0,0.0,306.0,NULL
"PLB010033","Sarah Jackson","850 Main St","Boston","AK",30102,"2022-09-01","2023-09-01",17.1,51350,10464,"NULL","MONO","NULL","NULL","NULL","NULL","NULL",NULL,NULL,NULL,NULL,NULL
"PLB010034","John Rodriguez","9007 Pine Rd","Seattle","HI",53745,"2022-12-25","2023-12-25",18.1,91340,2056,"NULL","PKG","NULL","NULL","NULL","NULL","NULL",NULL,NULL,NULL,NULL,NULL
"PLB010035","Karen Thomas","4683 Oak Ave","Dallas","DE",28348,"06-24-2023","06-23-2024",18.1,15102,19698,"NULL","MONO","NULL","NULL","NULL","NULL","NULL",NULL,NULL,NULL,NULL,NULL
"PLB010036","Mary Rodriguez","4654 Washington St","Seattle","CA",91049,"2022-02-06","2023-02-06",18.2,47050,14944,"NULL","PKG","NULL","NULL","NULL","NULL","NULL",NULL,NULL,NULL,NULL,NULL
"PLB010037","Sarah Lopez","525 Washington St","Portland","NULL",NULL,"20230127","20240127",18.2,18200,2352,"NULL","MONO","NULL","NULL","NULL","NULL","NULL",NULL,NULL,NULL,NULL,NULL
"PLB010038","Elizabeth Moore","7694 1st Ave","Denver","HI",98426,"20240114","20250113",18.2,52000,150631,"NULL","MONO","NULL","NULL","NULL","NULL","NULL",NULL,NULL,NULL,NULL,NULL
"PLB010039","David Rodriguez","302 Oak Ave","Portland","AL",95427,"10-15-2022","10-15-2023",17.1,52000,2803,"NULL","MONO","NULL","NULL","NULL","NULL","NULL",NULL,NULL,NULL,NULL,NULL
"PLB010040","John Rodriguez","9134 Cedar Ln","Austin","IA",72444,"02-07-2022","02-07-2023",18.2,60010,16201,"NULL","MONO","NULL","NULL","NULL","NULL","NULL",NULL,NULL,NULL,NULL,NULL
"PLB010041","Patricia Taylor","1368 Pine Rd","Dallas","CO",59561,"05/31/2022","05/31/2023",17.2,97047,154840,"NULL","PKG","B-CLM-005041","2022-09-24","2022-11-09","REOP","FIRE DAMAGE",21089.0,0.0,0.0,0.0,NULL
"PLB010042","Patricia Martin","3564 Cedar Ln","Denver","HI",89536,"09-14-2023","09-13-2024",18.1,91580,5355,"NULL","MONO","NULL","NULL","NULL","NULL","NULL",NULL,NULL,NULL,NULL,NULL
"PLB010043","John Lopez","9282 Park Pl","Austin","CA",97937,"01/26/2023","01/26/2024",17.1,49100,24160,"NULL","MONO","B-CLM-005043","2023-10-23","2023-12-01","CLSD","PERSONAL INJURY",3218.0,0.0,3135.0,4903.0,NULL
"PLB010044","William Hernandez","2032 Oak Ave","Seattle","CA",98297,"2023-07-05","2024-07-04",18.2,95648,25905,"NULL","MONO","NULL","NULL","NULL","NULL","NULL",NULL,NULL,NULL,NULL,NULL
"PLB010045","Patricia Jones","658 1st Ave","Austin","IA",21288,"2022-01-16","2023-01-16",17.1,47050,3737,"NULL","PKG","NULL","NULL","NULL","NULL","NULL",NULL,NULL,NULL,NULL,NULL
"PLB010046","Mary Williams","5915 2nd St","Seattle","IL",66472,"2023-12-15","2024-12-14",18.1,13333,71302,"NULL","MONO","NULL","NULL","NULL","NULL","NULL",NULL,NULL,NULL,NULL,NULL
"PLB010047","Patricia Davis","4971 2nd St","Portland","AL",9889,"08-31-2023","08-30-2024",18.2,62003,5018,"NULL","PKG","NULL","NULL","NULL","NULL","NULL",NULL,NULL,NULL,NULL,NULL
"PLB010048","Barbara Martinez","2813 Oak Ave","Portland","IL",67732,"2022-11-23","2023-11-23",17.2,41650,6538,"NULL","PKG","NULL","NULL","NULL","NULL","NULL",NULL,NULL,NULL,NULL,NULL
"PLB010049","James Martin","751 Park Pl","Denver","MO",30705,"2022-04-19","2023-04-19",18.1,15102,2953,"NULL","PKG","NULL","NULL","NULL","NULL","NULL",NULL,NULL,NULL,NULL,NULL
"PLB010050","Patricia Anderson","7182 2nd St","Portland","ME",12415,"20230313","20240312",17.2,10060,23089,"NULL","MONO","NULL","NULL","NULL","NULL","NULL",NULL,NULL,NULL,NULL,NULL
"PLB010051","Jessica Martinez","2259 Pine Rd","Boston","HI",18306,"06-10-2022","06-10-2023",18.1,10050,5473,"NULL","PKG","B-CLM-005051","2023-05-28","2023-07-25","OPEN","ASSAULT/BATTERY",154.0,666.0,1644.0,1644.0,NULL
"PLB010052","Thomas Garcia","5016 Pine Rd","Portland","CO",77695,"20220209","20230209",18.1,66561,16079,"NULL","PKG","NULL","NULL","NULL","NULL","NULL",NULL,NULL,NULL,NULL,NULL
"PLB010053","Susan Johnson","9312 Cedar Ln","Portland","DE",56676,"04-26-2022","04-26-2023",18.2,48800,38241,"NULL","PKG","B-CLM-005053","2022-12-19","2023-01-31","OPEN","STRUCTURAL COLLAPSE",2207.0,6846.0,0.0,0.0,NULL
"PLB010054","Mary Taylor","3548 Cedar Ln","Denver","MS",32863,"08-13-2022","08-13-2023",17.1,41650,3930,"NULL","MONO","B-CLM-005054","2022-11-26","2023-01-05","REOP","LIABILITY - BODILY INJURY",0.0,723.0,0.0,0.0,NULL
"PLB010055","Linda Davis","653 Maple Blvd","Boston","CT",16624,"2023-07-21","2024-07-20",17.1,10060,5209,"NULL","MONO","NULL","NULL","NULL","NULL","NULL",NULL,NULL,NULL,NULL,NULL
"PLB010056","Michael Martin","5214 Cedar Ln","Seattle","MS",80447,"20231222","20241221",17.1,14279,10676,"NULL","MONO","NULL","NULL","NULL","NULL","NULL",NULL,NULL,NULL,NULL,NULL
"PLB010057","Jessica Martinez","8836 Park Pl","Dallas","MA",60765,"20230814","20240813",18.2,66561,4850,"NULL","MONO","NULL","NULL","NULL","NULL","NULL",NULL,NULL,NULL,NULL,NULL
"PLB010058","Robert Williams","1662 Park Pl","Dallas","ME",37931,"20220126","20230126",17.2,11126,6467,"NULL","PKG","NULL","NULL","NULL","NULL","NULL",NULL,NULL,NULL,NULL,NULL
"PLB010059","Robert Johnson","5366 Washington St","Denver","KS",60438,"2023-06-20","2024-06-19",17.1,60010,17985,"NULL","PKG","NULL","NULL","NULL","NULL","NULL",NULL,NULL,NULL,NULL,NULL
"PLB010060","John Brown","7074 Oak Ave","Seattle","MA",20281,"08-30-2022","08-30-2023",18.2,12393,21148,"NULL","MONO","NULL","NULL","NULL","NULL","NULL",NULL,NULL,NULL,NULL,NULL
"PLB010061","Elizabeth Brown","7234 Maple Blvd","Boston","AR",48595,"20220209","20230209",18.2,91341,7232,"NULL","MONO","NULL","NULL","NULL","NULL","NULL",NULL,NULL,NULL,NULL,NULL
"PLB010062","Robert Garcia","8691 2nd St","Austin","KY",56227,"2023-12-03","2024-12-02",18.1,10050,8585,"NULL","MONO","NULL","NULL","NULL","NULL","NULL",NULL,NULL,NULL,NULL,NULL
"PLB010063","John Jackson","2597 Oak Ave","Boston","CT",34249,"07/24/2022","07/24/2023",18.2,10070,5424,"NULL","MONO","B-CLM-005063","2023-01-19","2023-02-11","REOP","PRODUCTS LIABILITY",117.0,4077.0,878.0,878.0,NULL
"PLB010064","Sarah Gonzalez","6281 1st Ave","Boston","MO",75485,"01-28-2023","01-28-2024",18.1,64074,139706,"NULL","MONO","B-CLM-005064","2023-05-26","2023-06-01","OPEN","PRODUCTS LIABILITY",0.0,11801.0,0.0,0.0,NULL
"PLB010065","Patricia Moore","7233 Cedar Ln","Dallas","CO",5756,"10-11-2023","10-10-2024",17.2,15102,45461,"NULL","MONO","NULL","NULL","NULL","NULL","NULL",NULL,NULL,NULL,NULL,NULL
"PLB010066","Patricia Lopez","4257 Park Pl","Austin","CO",94047,"02/05/2024","02/04/2025",17.2,48800,0,"NULL","MONO","NULL","NULL","NULL","NULL","NULL",NULL,NULL,NULL,NULL,NULL
"PLB010067","Patricia Johnson","6154 Main St","Denver","MN",22216,"09-17-2022","09-17-2023",17.1,11000,7777,"NULL","MONO","NULL","NULL","NULL","NULL","NULL",NULL,NULL,NULL,NULL,NULL
"PLB010068","James Hernandez","5285 Elm Dr","Denver","MN",58066,"03-05-2022","03-05-2023",17.1,10040,24457,"NULL","MONO","NULL","NULL","NULL","NULL","NULL",NULL,NULL,NULL,NULL,NULL
"PLB010069","Jennifer Smith","3663 Cedar Ln","Seattle","MO",13432,"2023-05-29","2024-05-28",18.1,41668,1530,"NULL","MONO","B-CLM-005069","2024-02-11","2024-02-23","REOP","SLIP/TRIP AND FALL",3557.0,11112.0,0.0,0.0,NULL
"PLB010070","Susan Lopez","4829 Pine Rd","Portland","FL",38418,"05-24-2022","05-24-2023",18.2,15102,3817,"NULL","PKG","B-CLM-005070","2022-10-22","2022-12-06","OPEN","ASSAULT/BATTERY",0.0,4068.0,868.0,1649.0,NULL
"PLB010071","Charles Johnson","5381 Oak Ave","Boston","AR",50267,"2023-06-14","2024-06-13",18.2,44000,1160,"NULL","PKG","NULL","NULL","NULL","NULL","NULL",NULL,NULL,NULL,NULL,NULL
"PLB010072","Karen Anderson","9825 Washington St","Boston","AR",66734,"07-11-2022","07-11-2023",18.1,46202,1541,"NULL","PKG","NULL","NULL","NULL","NULL","NULL",NULL,NULL,NULL,NULL,NULL
"PLB010073","Richard Jackson","567 Elm Dr","Denver","IL",64983,"11/04/2022","11/04/2023",17.2,91341,8323,"NULL","MONO","NULL","NULL","NULL","NULL","NULL",NULL,NULL,NULL,NULL,NULL
"PLB010074","Jennifer Anderson","113 Elm Dr","Dallas","HI",24412,"03/18/2024","03/18/2025",17.1,17000,1318,"NULL","MONO","NULL","NULL","NULL","NULL","NULL",NULL,NULL,NULL,NULL,NULL
"PLB010075","Jessica Jackson","540 Pine Rd","Denver","MS",23555,"2022-09-08","2023-09-08",18.1,62003,1116,"NULL","MONO","B-CLM-005075","2023-05-07","2023-06-30","OPEN","PERSONAL INJURY",6302.0,0.0,2179.0,2179.0,NULL
"PLB010076","Patricia Gonzalez","300 Elm Dr","Portland","AZ",29867,"2023-10-24","2024-10-23",17.2,10005,8102,"NULL","PKG","B-CLM-005076","2024-05-07","2024-06-04","OPEN","PERSONAL INJURY",0.0,22935.0,0.0,2584.0,NULL
"PLB010077","Joseph Taylor","6208 2nd St","Boston","IN",58512,"02/29/2024","02/28/2025",18.1,50100,4236,"NULL","PKG","NULL","NULL","NULL","NULL","NULL",NULL,NULL,NULL,NULL,NULL
"PLB010078","Susan Johnson","7714 Maple Blvd","Austin","AZ",17750,"06/03/2022","06/03/2023",18.1,91581,2662,"NULL","PKG","NULL","NULL","NULL","NULL","NULL",NULL,NULL,NULL,NULL,NULL
"PLB010079","Joseph Martin","4099 Park Pl","Denver","HI",70155,"11-23-2023","11-22-2024",17.1,10015,9101,"NULL","MONO","B-CLM-005079","2024-05-07","2024-06-17","CLSD","PERSONAL INJURY",2036.0,1471.0,0.0,1511.0,NULL
"PLB010080","John Wilson","2007 Pine Rd","Denver","AR",44988,"01/27/2023","01/27/2024",18.1,17000,6790,"NULL","MONO","NULL","NULL","NULL","NULL","NULL",NULL,NULL,NULL,NULL,NULL
"PLB010081","Karen Gonzalez","3069 Maple Blvd","Portland","KS",6306,"20220809","20230809",18.1,11039,97099,"NULL","PKG","NULL","NULL","NULL","NULL","NULL",NULL,NULL,NULL,NULL,NULL
"PLB010082","Joseph Jackson","6993 Washington St","Portland","MD",86780,"03-20-2024","03-20-2025",17.1,44000,5336,"NULL","PKG","NULL","NULL","NULL","NULL","NULL",NULL,NULL,NULL,NULL,NULL
"PLB010083","Mary Jackson","1387 2nd St","Denver","IA",51385,"20220605","20230605",18.2,41668,958,"NULL","PKG","NULL","NULL","NULL","NULL","NULL",NULL,NULL,NULL,NULL,NULL
"PLB010084","Susan Smith","4751 Park Pl","Boston","IA",73682,"20231122","20241121",17.1,47050,1276,"NULL","MONO","NULL","NULL","NULL","NULL","NULL",NULL,NULL,NULL,NULL,NULL
"PLB010085","Richard Moore","6793 Cedar Ln","Dallas","CT",69455,"08/05/2022","08/05/2023",18.1,95648,3455,"NULL","MONO","NULL","NULL","NULL","NULL","NULL",NULL,NULL,NULL,NULL,NULL
"PLB010086","Joseph Garcia","3010 1st Ave","Portland","MI",8572,"10-11-2023","10-10-2024",18.2,10070,2897,"NULL","PKG","NULL","NULL","NULL","NULL","NULL",NULL,NULL,NULL,NULL,NULL
"PLB010087","John Martin","9448 1st Ave","Austin","IN",59329,"20230305","20240304",17.2,95648,18002,"NULL","PKG","NULL","NULL","NULL","NULL","NULL",NULL,NULL,NULL,NULL,NULL
"PLB010088","Jennifer Thomas","3373 Cedar Ln","Dallas","ID",41039,"20220124","20230124",17.2,52000,20570,"NULL","PKG","NULL","NULL","NULL","NULL","NULL",NULL,NULL,NULL,NULL,NULL
"PLB010089","William Garcia","4111 2nd St","Boston","MD",10068,"2023-03-31","2024-03-30",17.2,58010,66822,"NULL","PKG","NULL","NULL","NULL","NULL","NULL",NULL,NULL,NULL,NULL,NULL
"PLB010090","Mary Lopez","6644 Park Pl","Boston","IN",76112,"09/24/2022","09/24/2023",17.1,18200,3656,"NULL","MONO","NULL","NULL","NULL","NULL","NULL",NULL,NULL,NULL,NULL,NULL
"PLB010091","Thomas Martinez","525 Pine Rd","Portland","ID",95442,"02-27-2023","02-27-2024",17.2,91341,3960,"NULL","PKG","B-CLM-005091","2024-02-25","2024-04-14","OPEN","PROPERTY DAMAGE",809.0,2510.0,0.0,0.0,NULL
"PLB010092","Thomas Hernandez","8674 Cedar Ln","Seattle","GA",32872,"2022-06-08","2023-06-08",17.2,58010,44414,"NULL","PKG","B-CLM-005092","2022-09-24","2022-10-04","OPEN","LIABILITY - PROPERTY DAMAGE",0.0,1580.0,0.0,0.0,NULL
"PLB010093","Michael Lopez","8272 2nd St","Denver","HI",8335,"08-19-2022","08-19-2023",17.2,10015,3457,"NULL","PKG","NULL","NULL","NULL","NULL","NULL",NULL,NULL,NULL,NULL,NULL
"PLB010094","Mary Anderson","9384 Park Pl","Dallas","HI",34233,"06/04/2023","06/03/2024",18.1,52000,10461,"NULL","MONO","NULL","NULL","NULL","NULL","NULL",NULL,NULL,NULL,NULL,NULL
"PLB010095","Michael Brown","8986 Washington St","Dallas","NULL",NULL,"09-16-2023","09-15-2024",18.1,91581,2630,"NULL","PKG","B-CLM-005095","2023-11-22","2023-11-26","OPEN","FIRE DAMAGE",0.0,4404.0,2228.0,2912.0,NULL
"PLB010096","Joseph Smith","4224 1st Ave","Denver","NULL",NULL,"03/17/2023","03/16/2024",18.2,19007,17471,"NULL","PKG","NULL","NULL","NULL","NULL","NULL",NULL,NULL,NULL,NULL,NULL
"PLB010097","Elizabeth Brown","7361 Cedar Ln","Boston","HI",82313,"20230604","20240603",18.1,15102,34116,"NULL","PKG","B-CLM-005097","2023-10-22","2023-12-02","CLSD","DOG BITE",0.0,23480.0,0.0,0.0,NULL
"PLB010098","Michael Gonzalez","2914 Elm Dr","Denver","KY",25879,"04/29/2023","04/28/2024",18.1,49100,27104,"NULL","PKG","NULL","NULL","NULL","NULL","NULL",NULL,NULL,NULL,NULL,NULL
"PLB010099","Joseph Martinez","7068 Washington St","Seattle","FL",30606,"04-29-2023","04-28-2024",18.1,45190,2469,"NULL","MONO","NULL","NULL","NULL","NULL","NULL",NULL,NULL,NULL,NULL,NULL
"PLB010100","William Wilson","6365 Cedar Ln","Denver","MO",83398,"10/08/2022","10/08/2023",17.2,51350,818,"NULL","PKG","NULL","NULL","NULL","NULL","NULL",NULL,NULL,NULL,NULL,NULL
"PLB010101","Richard Thomas","4193 Maple Blvd","Denver","DE",96010,"06-14-2022","06-14-2023",18.2,95648,91021,"NULL","PKG","NULL","NULL","NULL","NULL","NULL",NULL,NULL,NULL,NULL,NULL
"PLB010102","Susan Jones","2564 Washington St","Portland","ID",93817,"03-25-2023","03-24-2024",17.1,17000,4784,"NULL","PKG","NULL","NULL","NULL","NULL","NULL",NULL,NULL,NULL,NULL,NULL
"PLB010103","William Lopez","7404 Pine Rd","Dallas","MO",57375,"11-08-2023","11-07-2024",18.1,44000,13252,"NULL","MONO","NULL","NULL","NULL","NULL","NULL",NULL,NULL,NULL,NULL,NULL
"PLB010104","Mary Taylor","1087 Park Pl","Portland","MN",9608,"09-23-2022","09-23-2023",17.1,43891,861,"NULL","PKG","NULL","NULL","NULL","NULL","NULL",NULL,NULL,NULL,NULL,NULL
"PLB010105","John Jackson","7775 Washington St","Boston","HI",31647,"10/12/2023","10/11/2024",17.1,51350,30836,"NULL","MONO","NULL","NULL","NULL","NULL","NULL",NULL,NULL,NULL,NULL,NULL
"PLB010106","James Gonzalez","9516 Maple Blvd","Austin","AZ",96003,"07-06-2022","07-06-2023",18.2,43891,9908,"NULL","PKG","NULL","NULL","NULL","NULL","NULL",NULL,NULL,NULL,NULL,NULL
"PLB010107","Charles Jones","3194 Elm Dr","Dallas","DE",42108,"08-22-2023","08-21-2024",18.2,91581,12437,"NULL","MONO","NULL","NULL","NULL","NULL","NULL",NULL,NULL,NULL,NULL,NULL
"PLB010108","Linda Miller","5921 Main St","Dallas","LA",71607,"12/23/2022","12/23/2023",18.1,15102,12605,"NULL","PKG","NULL","NULL","NULL","NULL","NULL",NULL,NULL,NULL,NULL,NULL
"PLB010109","Thomas Lopez","7931 Maple Blvd","Denver","NULL",NULL,"20230326","20240325",17.2,11000,2808,"NULL","PKG","B-CLM-005109","2023-06-23","2023-07-04","OPEN","FOOD CONTAMINATION",0.0,8759.0,0.0,0.0,NULL
"PLB010110","Elizabeth Davis","1483 1st Ave","Seattle","IN",4502,"02/14/2023","02/14/2024",18.1,17000,5160,"NULL","MONO","NULL","NULL","NULL","NULL","NULL",NULL,NULL,NULL,NULL,NULL
"PLB010111","Elizabeth Lopez","6897 Elm Dr","Seattle","CA",92822,"2023-06-16","2024-06-15",17.2,46202,50520,"NULL","MONO","NULL","NULL","NULL","NULL","NULL",NULL,NULL,NULL,NULL,NULL
"PLB010112","James Smith","5532 Main St","Seattle","AL",2608,"2023-05-25","2024-05-24",18.1,47050,5751,"NULL","MONO","NULL","NULL","NULL","NULL","NULL",NULL,NULL,NULL,NULL,NULL
"PLB010113","Susan Moore","7315 Elm Dr","Denver","AL",4774,"2022-12-24","2023-12-24",17.1,11039,6692,"NULL","PKG","NULL","NULL","NULL","NULL","NULL",NULL,NULL,NULL,NULL,NULL
"PLB010114","Linda Davis","4206 Elm Dr","Boston","ID",45798,"09/21/2023","09/20/2024",18.2,64074,7368,"NULL","PKG","B-CLM-005114","2024-06-10","2024-08-01","REOP","LIABILITY - BODILY INJURY",0.0,0.0,0.0,0.0,NULL
"PLB010115","Jennifer Smith","2442 Main St","Dallas","IN",26509,"2023-01-19","2024-01-19",17.1,58010,128227,"NULL","PKG","NULL","NULL","NULL","NULL","NULL",NULL,NULL,NULL,NULL,NULL
"PLB010116","David Taylor","5627 Cedar Ln","Dallas","CT",45787,"20231006","20241005",18.2,10070,60446,"NULL","PKG","NULL","NULL","NULL","NULL","NULL",NULL,NULL,NULL,NULL,NULL
"PLB010117","Thomas Taylor","869 Park Pl","Portland","FL",33825,"03-06-2022","03-06-2023",18.2,12393,2756,"NULL","MONO","B-CLM-005117","2022-12-12","2022-12-21","OPEN","LIABILITY - PROPERTY DAMAGE",3042.0,9177.0,0.0,664.0,NULL
"PLB010118","Elizabeth Gonzalez","8648 1st Ave","Seattle","MD",75240,"2022-08-20","2023-08-20",18.2,10050,24523,"NULL","PKG","NULL","NULL","NULL","NULL","NULL",NULL,NULL,NULL,NULL,NULL
"PLB010119","Linda Gonzalez","2712 1st Ave","Seattle","MI",93351,"2022-11-16","2023-11-16",17.1,16900,1530,"NULL","PKG","NULL","NULL","NULL","NULL","NULL",NULL,NULL,NULL,NULL,NULL
"PLB010120","Susan Jackson","2859 2nd St","Portland","IL",68119,"2022-05-07","2023-05-07",17.2,91581,5512,"NULL","PKG","B-CLM-005120","2022-07-06","2022-08-09","REOP","FIRE DAMAGE",4146.0,18171.0,5207.0,7252.0,NULL
"PLB010121","Barbara Williams","311 Oak Ave","Boston","KS",73973,"20240506","20250506",18.2,91580,12914,"NULL","PKG","NULL","NULL","NULL","NULL","NULL",NULL,NULL,NULL,NULL,NULL
"PLB010122","Thomas Johnson","6632 1st Ave","Boston","AR",3920,"20240310","20250310",18.2,95648,50756,"NULL","PKG","B-CLM-005122","2024-05-04","2024-06-10","CLSD","LIABILITY - PROPERTY DAMAGE",0.0,997.0,879.0,1287.0,NULL
"PLB010123","David Anderson","883 Cedar Ln","Seattle","AL",42388,"20240117","20250116",18.1,97047,2996,"NULL","PKG","NULL","NULL","NULL","NULL","NULL",NULL,NULL,NULL,NULL,NULL
"PLB010124","Linda Hernandez","5110 Oak Ave","Boston","MO",16597,"2022-12-23","2023-12-23",18.2,95648,26738,"NULL","MONO","NULL","NULL","NULL","NULL","NULL",NULL,NULL,NULL,NULL,NULL
"PLB010125","Karen Williams","3354 Oak Ave","Austin","CT",96425,"20220929","20230929",18.1,66561,4245,"NULL","PKG","B-CLM-005125","2022-12-24","2022-12-26","OPEN","ADVERTISING INJURY",0.0,3115.0,0.0,0.0,NULL
"PLB010126","Karen Thomas","7291 1st Ave","Denver","AR",89362,"05-15-2024","05-15-2025",17.1,64074,4881,"NULL","PKG","B-CLM-005126","2024-06-23","2024-06-25","OPEN","STRUCTURAL COLLAPSE",0.0,1320.0,0.0,0.0,NULL
"PLB010127","Linda Hernandez","8953 Cedar Ln","Austin","IL",65389,"02-04-2024","02-03-2025",18.1,11039,20310,"NULL","MONO","NULL","NULL","NULL","NULL","NULL",NULL,NULL,NULL,NULL,NULL
"PLB010128","Linda Anderson","4509 Washington St","Austin","KY",79779,"20231227","20241226",18.1,50100,3192,"NULL","MONO","NULL","NULL","NULL","NULL","NULL",NULL,NULL,NULL,NULL,NULL
"PLB010129","Robert Moore","9715 Cedar Ln","Austin","CO",90591,"20220123","20230123",17.1,10050,43772,"NULL","MONO","B-CLM-005129","2022-07-23","2022-09-08","REOP","ADVERTISING INJURY",8774.0,782.0,1716.0,1716.0,NULL
"PLB010130","Richard Wilson","6347 2nd St","Dallas","MS",52145,"2022-07-19","2023-07-19",17.2,13333,5355,"NULL","PKG","NULL","NULL","NULL","NULL","NULL",NULL,NULL,NULL,NULL,NULL
"PLB010131","William Anderson","1640 Park Pl","Portland","KS",9080,"2022-04-03","2023-04-03",18.1,46202,6098,"NULL","MONO","NULL","NULL","NULL","NULL","NULL",NULL,NULL,NULL,NULL,NULL
"PLB010132","John Garcia","3188 Washington St","Seattle","KY",28351,"01/13/2022","01/13/2023",18.1,11126,6221,"NULL","PKG","NULL","NULL","NULL","NULL","NULL",NULL,NULL,NULL,NULL,NULL
"PLB010133","Patricia Martinez","4874 Oak Ave","Portland","IA",29821,"2023-12-25","2024-12-24",17.2,60010,28666,"NULL","MONO","NULL","NULL","NULL","NULL","NULL",NULL,NULL,NULL,NULL,NULL
"PLB010134","William Taylor","9324 Washington St","Boston","MD",88683,"20221212","20231212",18.2,41650,12120,"NULL","PKG","B-CLM-005134","2023-08-20","2023-10-10","REOP","LIABILITY - BODILY INJURY",0.0,0.0,885.0,3463.0,NULL
"PLB010135","Michael Lopez","8910 Main St","Boston","GA",38828,"20231004","20241003",18.2,46202,0,"NULL","MONO","B-CLM-005135","2024-07-17","2024-08-26","CLSD","ADVERTISING INJURY",30173.0,895.0,1345.0,2497.0,NULL
"PLB010136","Mary Gonzalez","3475 Oak Ave","Portland","CO",3526,"08-15-2022","08-15-2023",17.1,16900,20863,"NULL","PKG","NULL","NULL","NULL","NULL","NULL",NULL,NULL,NULL,NULL,NULL
"PLB010137","Charles Martinez","3456 Maple Blvd","Seattle","IL",66664,"2022-02-15","2023-02-15",17.2,14279,14505,"NULL","PKG","NULL","NULL","NULL","NULL","NULL",NULL,NULL,NULL,NULL,NULL
"PLB010138","Charles Rodriguez","1877 Oak Ave","Seattle","AL",31873,"20231004","20241003",17.1,11039,17917,"NULL","MONO","B-CLM-005138","2024-08-25","2024-09-02","CLSD","STRUCTURAL COLLAPSE",2875.0,13835.0,3743.0,3743.0,NULL
"PLB010139","Joseph Martin","772 Park Pl","Dallas","DE",35090,"20220208","20230208",17.2,11126,1465,"NULL","PKG","NULL","NULL","NULL","NULL","NULL",NULL,NULL,NULL,NULL,NULL
"PLB010140","Sarah Hernandez","1029 Oak Ave","Boston","FL",36880,"06-29-2022","06-29-2023",18.2,95625,1241,"NULL","MONO","B-CLM-005140","2022-11-25","2022-12-10","OPEN","PROPERTY DAMAGE",655.0,0.0,0.0,1334.0,NULL
"PLB010141","Mary Jackson","9038 Oak Ave","Austin","AK",79649,"05/27/2022","05/27/2023",17.2,47050,1623,"NULL","PKG","NULL","NULL","NULL","NULL","NULL",NULL,NULL,NULL,NULL,NULL
"PLB010142","Barbara Davis","2465 Maple Blvd","Boston","DE",26425,"20231201","20241130",18.1,10010,2331,"NULL","PKG","NULL","NULL","NULL","NULL","NULL",NULL,NULL,NULL,NULL,NULL
"PLB010143","Barbara Miller","6748 1st Ave","Seattle","CA",97767,"20220213","20230213",18.2,46202,22579,"NULL","PKG","NULL","NULL","NULL","NULL","NULL",NULL,NULL,NULL,NULL,NULL
"PLB010144","Karen Lopez","7691 Park Pl","Seattle","IL",64362,"2022-05-17","2023-05-17",17.2,58010,3714,"NULL","MONO","NULL","NULL","NULL","NULL","NULL",NULL,NULL,NULL,NULL,NULL
"PLB010145","Thomas Wilson","3054 2nd St","Austin","IA",36924,"20221104","20231104",17.1,91341,2945,"NULL","MONO","NULL","NULL","NULL","NULL","NULL",NULL,NULL,NULL,NULL,NULL
"PLB010146","Karen Hernandez","9659 2nd St","Seattle","ME",52441,"2024-03-11","2025-03-11",17.2,91340,5584,"NULL","MONO","B-CLM-005146","2024-11-15","2024-12-25","OPEN","PERSONAL INJURY",6686.0,0.0,602.0,602.0,NULL
"PLB010147","Linda Brown","2502 2nd St","Austin","IN",2676,"20220502","20230502",17.2,58010,11735,"NULL","MONO","NULL","NULL","NULL","NULL","NULL",NULL,NULL,NULL,NULL,NULL
"PLB010148","Charles Lopez","5666 Oak Ave","Portland","ME",12294,"12-06-2023","12-05-2024",18.2,48800,10213,"NULL","MONO","NULL","NULL","NULL","NULL","NULL",NULL,NULL,NULL,NULL,NULL
"PLB010149","William Johnson","4570 2nd St","Boston","MI",15802,"07-21-2022","07-21-2023",18.1,95625,780,"NULL","MONO","B-CLM-005149","2023-05-19","2023-05-30","CLSD","ADVERTISING INJURY",991.0,24270.0,400.0,400.0,NULL
"PLB010150","William Lopez","8498 1st Ave","Seattle","NULL",NULL,"2023-01-25","2024-01-25",18.2,44000,6139,"NULL","MONO","NULL","NULL","NULL","NULL","NULL",NULL,NULL,NULL,NULL,NULL
"PLB010151","William Taylor","1959 Main St","Dallas","MS",13125,"2022-09-25","2023-09-25",18.2,10050,4764,"NULL","MONO","NULL","NULL","NULL","NULL","NULL",NULL,NULL,NULL,NULL,NULL
"PLB010152","Joseph Hernandez","1833 Washington St","Austin","DE",2312,"03/08/2024","03/08/2025",17.1,10060,11053,"NULL","MONO","NULL","NULL","NULL","NULL","NULL",NULL,NULL,NULL,NULL,NULL
"PLB010153","Jennifer Hernandez","3830 Elm Dr","Seattle","NULL",NULL,"2024-03-21","2025-03-21",17.2,95648,3460,"NULL","PKG","B-CLM-005153","2024-11-29","2024-12-30","OPEN","PRODUCTS LIABILITY",16293.0,3045.0,1286.0,1286.0,NULL
"PLB010154","David Martinez","2742 Oak Ave","Austin","GA",37509,"20220812","20230812",18.1,50100,124896,"NULL","MONO","NULL","NULL","NULL","NULL","NULL",NULL,NULL,NULL,NULL,NULL
"PLB010155","Karen Williams","9425 Maple Blvd","Boston","MN",57575,"04/02/2023","04/01/2024",17.1,60010,1378,"NULL","PKG","NULL","NULL","NULL","NULL","NULL",NULL,NULL,NULL,NULL,NULL
"PLB010156","Joseph Hernandez","6706 2nd St","Seattle","HI",72266,"2023-07-14","2024-07-13",17.2,10010,9929,"NULL","MONO","NULL","NULL","NULL","NULL","NULL",NULL,NULL,NULL,NULL,NULL
"PLB010157","Robert Jackson","3113 Pine Rd","Austin","IL",66724,"2024-06-10","2025-06-10",18.2,44000,4772,"NULL","MONO","NULL","NULL","NULL","NULL","NULL",NULL,NULL,NULL,NULL,NULL
"PLB010158","Susan Garcia","8084 Main St","Portland","NULL",NULL,"2023-02-06","2024-02-06",18.1,10070,4394,"NULL","MONO","NULL","NULL","NULL","NULL","NULL",NULL,NULL,NULL,NULL,NULL
"PLB010159","Jennifer Hernandez","5189 Washington St","Seattle","MN",91928,"05-04-2023","05-03-2024",17.2,41650,0,"NULL","PKG","NULL","NULL","NULL","NULL","NULL",NULL,NULL,NULL,NULL,NULL
"PLB010160","Linda Miller","5444 Pine Rd","Portland","MN",74859,"2024-06-03","2025-06-03",18.1,44000,0,"NULL","MONO","NULL","NULL","NULL","NULL","NULL",NULL,NULL,NULL,NULL,NULL
"PLB010161","William Taylor","1666 1st Ave","Dallas","HI",95187,"2024-03-11","2025-03-11",17.2,52000,20549,"NULL","PKG","NULL","NULL","NULL","NULL","NULL",NULL,NULL,NULL,NULL,NULL
"PLB010162","Linda Smith","5461 Cedar Ln","Denver","IL",68245,"2024-03-07","2025-03-07",18.1,60010,17031,"NULL","PKG","NULL","NULL","NULL","NULL","NULL",NULL,NULL,NULL,NULL,NULL
"PLB010163","Thomas Martinez","4166 1st Ave","Seattle","LA",4432,"2022-07-24","2023-07-24",17.1,41650,4988,"NULL","MONO","NULL","NULL","NULL","NULL","NULL",NULL,NULL,NULL,NULL,NULL
"PLB010164","Richard Moore","2671 Washington St","Seattle","NULL",NULL,"20231022","20241021",17.1,43891,2194,"NULL","MONO","NULL","NULL","NULL","NULL","NULL",NULL,NULL,NULL,NULL,NULL
"PLB010165","Elizabeth Hernandez","9367 Washington St","Austin","IA",80271,"2022-10-10","2023-10-10",18.2,10050,2538,"NULL","MONO","B-CLM-005165","2022-11-05","2022-12-11","OPEN","DOG BITE",544.0,7614.0,0.0,0.0,NULL
"PLB010166","Jessica Gonzalez","9031 Main St","Denver","MN",66281,"08/29/2022","08/29/2023",18.1,15102,39797,"NULL","PKG","NULL","NULL","NULL","NULL","NULL",NULL,NULL,NULL,NULL,NULL
"PLB010167","James Wilson","9111 Oak Ave","Austin","MO",39033,"06-08-2024","06-08-2025",17.2,91580,1577,"NULL","PKG","B-CLM-005167","2024-12-03","2025-01-03","CLSD","FIRE DAMAGE",0.0,757.0,0.0,819.0,NULL
"PLB010168","Karen Martinez","4452 Park Pl","Portland","ME",86239,"06-21-2024","06-21-2025",17.2,18200,0,"NULL","PKG","NULL","NULL","NULL","NULL","NULL",NULL,NULL,NULL,NULL,NULL
"PLB010169","Richard Miller","3128 Oak Ave","Austin","FL",31339,"02/07/2023","02/07/2024",18.1,41668,6671,"NULL","MONO","NULL","NULL","NULL","NULL","NULL",NULL,NULL,NULL,NULL,NULL
"PLB010170","Michael Taylor","490 Maple Blvd","Austin","GA",32537,"20230105","20240105",17.1,47050,12432,"NULL","PKG","NULL","NULL","NULL","NULL","NULL",NULL,NULL,NULL,NULL,NULL
"PLB010171","Linda Williams","1857 Main St","Austin","IL",60040,"2023-09-09","2024-09-08",18.2,41668,7262,"NULL","PKG","NULL","NULL","NULL","NULL","NULL",NULL,NULL,NULL,NULL,NULL
"PLB010172","Barbara Williams","4687 1st Ave","Boston","ME",4014,"06/13/2022","06/13/2023",17.1,11126,3531,"NULL","PKG","NULL","NULL","NULL","NULL","NULL",NULL,NULL,NULL,NULL,NULL
"PLB010173","Charles Moore","4575 Maple Blvd","Austin","CT",97123,"05/04/2022","05/04/2023",18.2,10050,3577,"NULL","PKG","NULL","NULL","NULL","NULL","NULL",NULL,NULL,NULL,NULL,NULL
"PLB010174","Mary Williams","4701 Maple Blvd","Boston","AL",73404,"20220208","20230208",18.2,14279,28403,"NULL","MONO","NULL","NULL","NULL","NULL","NULL",NULL,NULL,NULL,NULL,NULL
"PLB010175","Mary Martinez","6064 Oak Ave","Denver","AL",57782,"10/28/2023","10/27/2024",18.2,46202,12614,"NULL","PKG","NULL","NULL","NULL","NULL","NULL",NULL,NULL,NULL,NULL,NULL
"PLB010176","Elizabeth Jones","8202 Park Pl","Seattle","LA",56194,"05-30-2022","05-30-2023",18.1,11039,4944,"NULL","PKG","NULL","NULL","NULL","NULL","NULL",NULL,NULL,NULL,NULL,NULL
"PLB010177","Robert Martin","5697 Park Pl","Boston","MA",29236,"20230423","20240422",17.2,10060,30451,"NULL","PKG","NULL","NULL","NULL","NULL","NULL",NULL,NULL,NULL,NULL,NULL
"PLB010178","Linda Hernandez","8114 Oak Ave","Portland","KY",58686,"07/12/2023","07/11/2024",17.1,16900,10156,"NULL","PKG","NULL","NULL","NULL","NULL","NULL",NULL,NULL,NULL,NULL,NULL
"PLB010179","Michael Smith","8365 Oak Ave","Seattle","MN",21436,"02/09/2024","02/08/2025",17.2,41668,14377,"NULL","MONO","NULL","NULL","NULL","NULL","NULL",NULL,NULL,NULL,NULL,NULL
"PLB010180","John Williams","4252 2nd St","Austin","AR",65609,"2024-04-14","2025-04-14",17.1,41668,1751,"NULL","PKG","NULL","NULL","NULL","NULL","NULL",NULL,NULL,NULL,NULL,NULL
"PLB010181","Jessica Hernandez","5858 Main St","Portland","CT",76816,"20221108","20231108",18.2,91580,17010,"NULL","PKG","NULL","NULL","NULL","NULL","NULL",NULL,NULL,NULL,NULL,NULL
"PLB010182","Sarah Williams","1459 Pine Rd","Boston","MI",17653,"05/18/2023","05/17/2024",18.2,91581,1089,"NULL","PKG","NULL","NULL","NULL","NULL","NULL",NULL,NULL,NULL,NULL,NULL
"PLB010183","James Taylor","7381 Oak Ave","Denver","NULL",NULL,"20221114","20231114",17.2,13333,10724,"NULL","PKG","NULL","NULL","NULL","NULL","NULL",NULL,NULL,NULL,NULL,NULL
"PLB010184","Elizabeth Garcia","752 Maple Blvd","Denver","ME",56121,"02/02/2023","02/02/2024",18.1,14279,15261,"NULL","PKG","NULL","NULL","NULL","NULL","NULL",NULL,NULL,NULL,NULL,NULL
"PLB010185","James Taylor","6134 Park Pl","Austin","AL",67046,"2023-02-01","2024-02-01",18.2,91340,2630,"NULL","PKG","B-CLM-005185","2023-09-16","2023-09-23","REOP","ADVERTISING INJURY",0.0,41310.0,0.0,0.0,NULL
"PLB010186","Robert Martinez","2282 1st Ave","Austin","MI",50801,"20230102","20240102",18.2,64074,8275,"NULL","PKG","B-CLM-005186","2023-01-14","2023-01-20","OPEN","PRODUCTS LIABILITY",1915.0,0.0,437.0,437.0,NULL
"PLB010187","Patricia Garcia","6454 Park Pl","Boston","NULL",NULL,"2024-06-20","2025-06-20",18.1,95648,18546,"NULL","MONO","NULL","NULL","NULL","NULL","NULL",NULL,NULL,NULL,NULL,NULL
"PLB010188","Richard Anderson","3781 Elm Dr","Seattle","CA",98623,"2024-05-28","2025-05-28",17.1,91581,60,"NULL","PKG","B-CLM-005188","2024-11-04","2024-12-28","REOP","PERSONAL INJURY",12354.0,528.0,0.0,0.0,NULL
"PLB010189","Mary Lopez","4644 1st Ave","Portland","MD",75489,"20220201","20230201",17.1,43891,12907,"NULL","PKG","NULL","NULL","NULL","NULL","NULL",NULL,NULL,NULL,NULL,NULL
"PLB010190","Charles Jones","7789 Cedar Ln","Austin","KS",75889,"20230608","20240607",18.2,95648,12761,"NULL","MONO","NULL","NULL","NULL","NULL","NULL",NULL,NULL,NULL,NULL,NULL
"PLB010191","William Taylor","6842 Maple Blvd","Portland","FL",36392,"10-05-2022","10-05-2023",17.2,41650,65685,"NULL","MONO","NULL","NULL","NULL","NULL","NULL",NULL,NULL,NULL,NULL,NULL
"PLB010192","Elizabeth Davis","3470 Washington St","Boston","ID",52753,"12-31-2023","12-30-2024",17.2,48800,39702,"NULL","PKG","NULL","NULL","NULL","NULL","NULL",NULL,NULL,NULL,NULL,NULL
"PLB010193","Sarah Gonzalez","153 Oak Ave","Dallas","ME",47789,"04-16-2023","04-15-2024",17.2,19007,4494,"NULL","PKG","NULL","NULL","NULL","NULL","NULL",NULL,NULL,NULL,NULL,NULL
"PLB010194","David Martinez","7141 Pine Rd","Dallas","AK",39994,"20230314","20240313",17.1,91340,7436,"NULL","PKG","B-CLM-005194","2023-09-15","2023-09-18","CLSD","LIABILITY - PROPERTY DAMAGE",0.0,189.0,1641.0,2844.0,NULL
"PLB010195","John Wilson","7376 2nd St","Dallas","LA",69608,"08-22-2023","08-21-2024",17.2,19007,0,"NULL","MONO","B-CLM-005195","2024-06-09","2024-07-31","OPEN","LIABILITY - BODILY INJURY",0.0,2169.0,1844.0,4452.0,NULL
"PLB010196","Barbara Jones","1367 Washington St","Boston","KY",62633,"12-17-2022","12-17-2023",17.1,43891,8058,"NULL","PKG","NULL","NULL","NULL","NULL","NULL",NULL,NULL,NULL,NULL,NULL
"PLB010197","Charles Davis","1159 2nd St","Boston","DE",6955,"01-03-2024","01-02-2025",17.2,47050,899,"NULL","MONO","NULL","NULL","NULL","NULL","NULL",NULL,NULL,NULL,NULL,NULL
"PLB010198","David Thomas","2690 Elm Dr","Dallas","MS",98983,"20230402","20240401",17.1,10015,6540,"NULL","PKG","NULL","NULL","NULL","NULL","NULL",NULL,NULL,NULL,NULL,NULL
"PLB010199","David Garcia","3853 1st Ave","Portland","MO",28131,"08/23/2022","08/23/2023",17.2,95625,47178,"NULL","MONO","NULL","NULL","NULL","NULL","NULL",NULL,NULL,NULL,NULL,NULL
"PLB010200","John Brown","4508 Elm Dr","Denver","MS",17852,"06-30-2022","06-30-2023",18.2,11126,380,"NULL","MONO","NULL","NULL","NULL","NULL","NULL",NULL,NULL,NULL,NULL,NULL
"PLB010201","Jennifer Brown","4166 Elm Dr","Boston","AL",90162,"2022-11-30","2023-11-30",18.1,10005,8351,"NULL","PKG","B-CLM-005201","2023-02-07","2023-02-11","OPEN","FIRE DAMAGE",0.0,0.0,4212.0,4212.0,NULL
"PLB010202","Karen Jackson","6738 Maple Blvd","Denver","MI",62872,"20240212","20250211",18.2,10015,41177,"NULL","MONO","NULL","NULL","NULL","NULL","NULL",NULL,NULL,NULL,NULL,NULL
"PLB010203","William Thomas","3355 Main St","Dallas","ID",62792,"05-12-2024","05-12-2025",17.1,97047,12043,"NULL","PKG","NULL","NULL","NULL","NULL","NULL",NULL,NULL,NULL,NULL,NULL
"PLB010204","Michael Anderson","2236 1st Ave","Austin","CA",92145,"2022-01-17","2023-01-17",18.2,10040,3238,"NULL","PKG","NULL","NULL","NULL","NULL","NULL",NULL,NULL,NULL,NULL,NULL
"PLB010205","Jessica Williams","5875 Cedar Ln","Dallas","IL",68201,"20240627","20250627",17.1,11126,11379,"NULL","PKG","NULL","NULL","NULL","NULL","NULL",NULL,NULL,NULL,NULL,NULL
"PLB010206","William Martinez","6128 Main St","Denver","KY",91776,"08-12-2022","08-12-2023",17.1,62003,6816,"NULL","MONO","NULL","NULL","NULL","NULL","NULL",NULL,NULL,NULL,NULL,NULL
"PLB010207","David Jones","2429 Pine Rd","Austin","LA",96463,"01/17/2024","01/16/2025",17.2,10015,38260,"NULL","MONO","NULL","NULL","NULL","NULL","NULL",NULL,NULL,NULL,NULL,NULL
"PLB010208","David Miller","109 Oak Ave","Dallas","CA",94713,"20220719","20230719",17.2,52000,2819,"NULL","MONO","NULL","NULL","NULL","NULL","NULL",NULL,NULL,NULL,NULL,NULL
"PLB010209","Jessica Rodriguez","9554 Park Pl","Denver","KS",55829,"04/27/2022","04/27/2023",18.2,64074,23333,"NULL","PKG","NULL","NULL","NULL","NULL","NULL",NULL,NULL,NULL,NULL,NULL
"PLB010210","Richard Johnson","9794 Maple Blvd","Portland","MO",12833,"2022-09-09","2023-09-09",17.1,17000,6617,"NULL","PKG","NULL","NULL","NULL","NULL","NULL",NULL,NULL,NULL,NULL,NULL
"PLB010211","Richard Jackson","3606 1st Ave","Seattle","AR",34392,"12-16-2023","12-15-2024",18.2,44000,20566,"NULL","MONO","B-CLM-005211","2024-03-08","2024-05-07","CLSD","FIRE DAMAGE",1946.0,18915.0,0.0,0.0,NULL
"PLB010212","Robert Johnson","134 2nd St","Dallas","AZ",2455,"04/14/2022","04/14/2023",17.1,91341,9677,"NULL","MONO","NULL","NULL","NULL","NULL","NULL",NULL,NULL,NULL,NULL,NULL
"PLB010213","Jessica Brown","4479 Washington St","Portland","NULL",NULL,"11-14-2022","11-14-2023",17.1,95625,19682,"NULL","MONO","NULL","NULL","NULL","NULL","NULL",NULL,NULL,NULL,NULL,NULL
"PLB010214","Patricia Thomas","3766 Maple Blvd","Austin","GA",35277,"05/22/2022","05/22/2023",18.2,45190,11159,"NULL","PKG","NULL","NULL","NULL","NULL","NULL",NULL,NULL,NULL,NULL,NULL
"PLB010215","William Miller","4043 2nd St","Dallas","MN",20109,"20240414","20250414",18.2,11000,19832,"NULL","MONO","NULL","NULL","NULL","NULL","NULL",NULL,NULL,NULL,NULL,NULL
"PLB010216","Mary Johnson","4231 1st Ave","Dallas","IA",77657,"2022-05-10","2023-05-10",17.1,11039,3917,"NULL","PKG","B-CLM-005216","2023-01-11","2023-02-07","CLSD","LIABILITY - BODILY INJURY",11144.0,520.0,1671.0,1671.0,NULL
"PLB010217","Michael Jones","5547 Park Pl","Portland","MI",86899,"2022-11-19","2023-11-19",17.1,95625,21700,"NULL","MONO","B-CLM-005217","2023-05-09","2023-05-12","REOP","PRODUCTS LIABILITY",0.0,7911.0,2397.0,3356.0,NULL
"PLB010218","John Thomas","6936 2nd St","Denver","AK",93593,"04-11-2023","04-10-2024",18.2,51350,1769,"NULL","PKG","NULL","NULL","NULL","NULL","NULL",NULL,NULL,NULL,NULL,NULL
"PLB010219","Sarah Wilson","367 Park Pl","Boston","MA",49079,"05/22/2024","05/22/2025",17.2,15102,19800,"NULL","PKG","B-CLM-005219","2024-07-19","2024-08-03","CLSD","MEDICAL PAYMENTS",0.0,0.0,0.0,0.0,NULL
"PLB010220","Michael Garcia","6021 Oak Ave","Portland","IL",68811,"07-29-2023","07-28-2024",17.2,11126,9188,"NULL","MONO","B-CLM-005220","2024-06-24","2024-07-25","OPEN","ADVERTISING INJURY",0.0,6096.0,0.0,0.0,NULL
"PLB010221","Joseph Taylor","2100 2nd St","Boston","NULL",NULL,"09/03/2022","09/03/2023",18.1,95625,7161,"NULL","PKG","NULL","NULL","NULL","NULL","NULL",NULL,NULL,NULL,NULL,NULL
"PLB010222","John Williams","2758 Elm Dr","Portland","ID",28837,"03/18/2024","03/18/2025",18.1,95648,0,"NULL","PKG","NULL","NULL","NULL","NULL","NULL",NULL,NULL,NULL,NULL,NULL
"PLB010223","Mary Johnson","7520 Pine Rd","Austin","NULL",NULL,"20240523","20250523",18.2,91341,1322,"NULL","PKG","B-CLM-005223","2024-07-10","2024-08-29","CLSD","PRODUCTS LIABILITY",133818.0,15254.0,0.0,0.0,NULL
"PLB010224","Mary Brown","999 Maple Blvd","Boston","ID",24624,"10-27-2023","10-26-2024",18.2,44000,3758,"NULL","PKG","B-CLM-005224","2024-07-19","2024-08-26","CLSD","COMPLETED OPERATIONS",4054.0,22800.0,0.0,0.0,1453.0
"PLB010225","Mary Rodriguez","5203 Park Pl","Denver","MS",18984,"20221104","20231104",17.1,91340,1848,"NULL","PKG","B-CLM-005225","2023-01-13","2023-02-06","OPEN","PRODUCTS LIABILITY",0.0,65.0,0.0,0.0,NULL
"PLB010226","Jennifer Jackson","1801 Main St","Seattle","AK",32283,"20221116","20231116",17.1,49100,13118,"NULL","MONO","B-CLM-005226","2023-09-13","2023-09-20","CLSD","PROPERTY DAMAGE",0.0,2274.0,0.0,2254.0,NULL
"PLB010227","Michael Taylor","4895 Cedar Ln","Dallas","ME",69694,"2024-03-24","2025-03-24",18.2,19007,9070,"NULL","MONO","NULL","NULL","NULL","NULL","NULL",NULL,NULL,NULL,NULL,NULL
"PLB010228","Michael Rodriguez","2200 Washington St","Dallas","AR",91320,"20231225","20241224",18.1,16900,15656,"NULL","MONO","NULL","NULL","NULL","NULL","NULL",NULL,NULL,NULL,NULL,NULL
"PLB010229","Michael Jones","3487 1st Ave","Portland","MS",33774,"20220315","20230315",17.2,50100,34001,"NULL","MONO","B-CLM-005229","2022-06-30","2022-08-23","CLSD","FIRE DAMAGE",1425.0,0.0,394.0,1170.0,NULL
"PLB010230","Elizabeth Rodriguez","3000 1st Ave","Austin","CO",78197,"03/04/2022","03/04/2023",18.2,45190,8673,"NULL","PKG","NULL","NULL","NULL","NULL","NULL",NULL,NULL,NULL,NULL,NULL
"PLB010231","Robert Smith","3940 2nd St","Seattle","IA",38821,"07-25-2022","07-25-2023",18.2,19007,33368,"NULL","PKG","NULL","NULL","NULL","NULL","NULL",NULL,NULL,NULL,NULL,NULL
"PLB010232","Linda Moore","9511 Park Pl","Dallas","MN",78020,"04-12-2022","04-12-2023",18.1,43891,29738,"NULL","PKG","NULL","NULL","NULL","NULL","NULL",NULL,NULL,NULL,NULL,NULL
"PLB010233","David Jackson","3368 1st Ave","Boston","AL",99951,"2023-05-08","2024-05-07",17.2,47050,2301,"NULL","PKG","NULL","NULL","NULL","NULL","NULL",NULL,NULL,NULL,NULL,NULL
"PLB010234","Susan Moore","369 Oak Ave","Austin","DE",92360,"11/29/2022","11/29/2023",18.1,15102,2156,"NULL","PKG","NULL","NULL","NULL","NULL","NULL",NULL,NULL,NULL,NULL,NULL
"PLB010235","Mary Rodriguez","291 Washington St","Seattle","MS",14973,"03/16/2022","03/16/2023",18.2,10060,15140,"NULL","PKG","NULL","NULL","NULL","NULL","NULL",NULL,NULL,NULL,NULL,NULL
"PLB010236","Mary Thomas","4639 Park Pl","Dallas","MD",7365,"05/02/2022","05/02/2023",18.1,10070,32920,"NULL","MONO","NULL","NULL","NULL","NULL","NULL",NULL,NULL,NULL,NULL,NULL
"PLB010237","Jennifer Smith","1697 Washington St","Austin","DE",43223,"08-13-2023","08-12-2024",17.1,10015,6313,"NULL","MONO","NULL","NULL","NULL","NULL","NULL",NULL,NULL,NULL,NULL,NULL
"PLB010238","Susan Brown","1489 Elm Dr","Dallas","CT",12616,"2022-07-22","2023-07-22",18.1,16900,6260,"NULL","MONO","B-CLM-005238","2022-09-20","2022-10-14","OPEN","DOG BITE",1699.0,727.0,0.0,0.0,NULL
"PLB010239","Karen Anderson","4674 Cedar Ln","Portland","LA",93036,"06-24-2024","06-24-2025",18.2,41650,9598,"NULL","PKG","NULL","NULL","NULL","NULL","NULL",NULL,NULL,NULL,NULL,NULL
"PLB010240","Patricia Moore","7953 1st Ave","Boston","IA",92082,"04/04/2022","04/04/2023",17.2,66561,25863,"NULL","MONO","NULL","NULL","NULL","NULL","NULL",NULL,NULL,NULL,NULL,NULL
"PLB010241","Sarah Williams","5373 2nd St","Dallas","DE",45000,"02/21/2022","02/21/2023",17.2,10010,8910,"NULL","MONO","B-CLM-005241","2022-07-04","2022-08-09","CLSD","ASSAULT/BATTERY",298.0,5228.0,0.0,0.0,NULL
"PLB010242","Sarah Jones","9936 Washington St","Denver","AZ",74781,"2022-11-27","2023-11-27",17.1,11126,2566,"NULL","MONO","B-CLM-005242","2023-08-29","2023-09-02","OPEN","LIABILITY - BODILY INJURY",18564.0,13752.0,0.0,0.0,NULL
"PLB010243","Susan Jones","4514 Park Pl","Dallas","MD",55054,"03/18/2024","03/18/2025",18.1,12393,6123,"NULL","PKG","B-CLM-005243","2024-04-12","2024-05-25","OPEN","PRODUCTS LIABILITY",1255.0,0.0,697.0,697.0,NULL
"PLB010244","Joseph Martin","5917 Main St","Denver","AK",82210,"20231003","20241002",17.1,19007,6162,"NULL","MONO","NULL","NULL","NULL","NULL","NULL",NULL,NULL,NULL,NULL,NULL
"PLB010245","Sarah Thomas","8266 Pine Rd","Denver","IL",66381,"09/16/2022","09/16/2023",17.1,48800,1104,"NULL","PKG","NULL","NULL","NULL","NULL","NULL",NULL,NULL,NULL,NULL,NULL
"PLB010246","Elizabeth Wilson","4975 Elm Dr","Austin","MI",36258,"2022-03-09","2023-03-09",18.2,50100,11811,"NULL","MONO","NULL","NULL","NULL","NULL","NULL",NULL,NULL,NULL,NULL,NULL
"PLB010247","Mary Garcia","6707 Pine Rd","Boston","MO",55824,"09/15/2022","09/15/2023",18.2,14279,5538,"NULL","MONO","NULL","NULL","NULL","NULL","NULL",NULL,NULL,NULL,NULL,NULL
"PLB010248","James Davis","1885 Cedar Ln","Dallas","KS",88824,"01-22-2023","01-22-2024",18.2,44000,16700,"NULL","MONO","NULL","NULL","NULL","NULL","NULL",NULL,NULL,NULL,NULL,NULL
"PLB010249","Michael Miller","3523 Cedar Ln","Dallas","MN",84951,"03-05-2022","03-05-2023",17.1,48800,2209,"NULL","MONO","NULL","NULL","NULL","NULL","NULL",NULL,NULL,NULL,NULL,NULL
"PLB010250","Karen Miller","4050 Washington St","Austin","AR",37326,"04/03/2022","04/03/2023",18.2,97047,9994,"NULL","PKG","NULL","NULL","NULL","NULL","NULL",NULL,NULL,NULL,NULL,NULL
"PLB010251","William Gonzalez","1661 2nd St","Denver","AK",68800,"20240622","20250622",17.1,13333,89554,"NULL","MONO","NULL","NULL","NULL","NULL","NULL",NULL,NULL,NULL,NULL,NULL
"PLB010252","James Davis","6281 Cedar Ln","Seattle","AL",74491,"08/24/2023","08/23/2024",18.1,49100,16314,"NULL","MONO","NULL","NULL","NULL","NULL","NULL",NULL,NULL,NULL,NULL,NULL
"PLB010253","William Smith","9710 Elm Dr","Seattle","MI",32239,"20220807","20230807",18.1,91581,11779,"NULL","MONO","B-CLM-005253","2023-06-12","2023-08-03","REOP","FIRE DAMAGE",6929.0,0.0,0.0,0.0,NULL
"PLB010254","Susan Johnson","6110 Main St","Portland","HI",37666,"20221212","20231212",17.1,10015,171715,"NULL","MONO","NULL","NULL","NULL","NULL","NULL",NULL,NULL,NULL,NULL,NULL
"PLB010255","James Gonzalez","2623 2nd St","Austin","CA",93123,"03/13/2023","03/12/2024",17.1,18200,4848,"NULL","PKG","NULL","NULL","NULL","NULL","NULL",NULL,NULL,NULL,NULL,NULL
"PLB010256","Sarah Jones","3554 Park Pl","Portland","IN",40134,"2023-06-06","2024-06-05",18.2,91340,11072,"NULL","MONO","NULL","NULL","NULL","NULL","NULL",NULL,NULL,NULL,NULL,NULL
"PLB010257","Thomas Jones","6775 Main St","Dallas","IA",35910,"2024-03-09","2025-03-09",18.1,10070,3431,"NULL","PKG","NULL","NULL","NULL","NULL","NULL",NULL,NULL,NULL,NULL,NULL
"PLB010258","Joseph Rodriguez","9650 Elm Dr","Seattle","MN",99969,"01/19/2022","01/19/2023",18.1,91341,2068,"NULL","PKG","NULL","NULL","NULL","NULL","NULL",NULL,NULL,NULL,NULL,NULL
"PLB010259","Richard Jackson","4166 Elm Dr","Portland","MI",91408,"20221031","20231031",17.1,41668,27778,"NULL","MONO","NULL","NULL","NULL","NULL","NULL",NULL,NULL,NULL,NULL,NULL
"PLB010260","Sarah Johnson","6781 Washington St","Boston","CT",8726,"2022-04-21","2023-04-21",17.2,95648,4751,"NULL","MONO","NULL","NULL","NULL","NULL","NULL",NULL,NULL,NULL,NULL,NULL
"PLB010261","Thomas Martin","3710 Cedar Ln","Boston","IN",95382,"20220201","20230201",17.2,91340,18126,"NULL","MONO","NULL","NULL","NULL","NULL","NULL",NULL,NULL,NULL,NULL,NULL
"PLB010262","William Smith","9098 Elm Dr","Seattle","GA",35826,"04/27/2024","04/27/2025",18.1,19007,2999,"NULL","MONO","NULL","NULL","NULL","NULL","NULL",NULL,NULL,NULL,NULL,NULL
"PLB010263","Thomas Wilson","9936 1st Ave","Seattle","IL",60168,"20230810","20240809",18.1,14279,6478,"NULL","MONO","B-CLM-005263","2024-04-12","2024-04-19","REOP","STRUCTURAL COLLAPSE",9433.0,2194.0,107.0,107.0,NULL
"PLB010264","John Martinez","1298 Cedar Ln","Austin","MD",76283,"12/09/2022","12/09/2023",17.1,91580,39720,"NULL","PKG","NULL","NULL","NULL","NULL","NULL",NULL,NULL,NULL,NULL,NULL
"PLB010265","Joseph Martin","4712 1st Ave","Dallas","MA",7266,"05/28/2022","05/28/2023",18.1,11039,0,"NULL","MONO","NULL","NULL","NULL","NULL","NULL",NULL,NULL,NULL,NULL,NULL
"PLB010266","Jennifer Jackson","9959 Oak Ave","Portland","LA",6884,"03/28/2024","03/28/2025",18.2,10050,144902,"NULL","MONO","NULL","NULL","NULL","NULL","NULL",NULL,NULL,NULL,NULL,NULL
"PLB010267","Richard Brown","3219 Pine Rd","Seattle","IA",18444,"08/26/2022","08/26/2023",17.2,91580,35490,"NULL","MONO","B-CLM-005267","2023-02-18","2023-02-25","REOP","PERSONAL INJURY",1139.0,6942.0,1534.0,1534.0,NULL
"PLB010268","Susan Rodriguez","4765 Main St","Dallas","ME",73416,"11/27/2022","11/27/2023",17.2,58010,25598,"NULL","MONO","NULL","NULL","NULL","NULL","NULL",NULL,NULL,NULL,NULL,NULL
"PLB010269","Charles Moore","3088 Oak Ave","Boston","IA",34862,"20240129","20250128",17.2,91341,63798,"NULL","PKG","NULL","NULL","NULL","NULL","NULL",NULL,NULL,NULL,NULL,NULL
"PLB010270","Jessica Johnson","6697 2nd St","Dallas","KS",68205,"20240314","20250314",17.2,10005,278,"NULL","PKG","B-CLM-005270","2024-12-02","2025-01-06","OPEN","FIRE DAMAGE",1128.0,10012.0,1354.0,1354.0,NULL
"PLB010271","Barbara Smith","5589 Park Pl","Seattle","CO",14692,"2022-07-04","2023-07-04",18.1,10050,5133,"NULL","MONO","NULL","NULL","NULL","NULL","NULL",NULL,NULL,NULL,NULL,NULL
"PLB010272","Linda Wilson","8977 Maple Blvd","Denver","ME",2205,"05-23-2022","05-23-2023",18.2,10015,80240,"NULL","MONO","NULL","NULL","NULL","NULL","NULL",NULL,NULL,NULL,NULL,NULL
"PLB010273","Karen Taylor","9169 Oak Ave","Boston","LA",14578,"03-20-2023","03-19-2024",18.1,62003,12984,"NULL","PKG","NULL","NULL","NULL","NULL","NULL",NULL,NULL,NULL,NULL,NULL
"PLB010274","Richard Thomas","3311 Park Pl","Boston","MO",20974,"20220206","20230206",17.1,47050,5494,"NULL","MONO","NULL","NULL","NULL","NULL","NULL",NULL,NULL,NULL,NULL,NULL
"PLB010275","Charles Wilson","8387 2nd St","Boston","AZ",22589,"20240107","20250106",18.2,14279,13164,"NULL","PKG","NULL","NULL","NULL","NULL","NULL",NULL,NULL,NULL,NULL,NULL
"PLB010276","Joseph Jackson","6556 Pine Rd","Dallas","AK",59423,"03-20-2024","03-20-2025",17.1,95648,6137,"NULL","MONO","B-CLM-005276","2024-04-15","2024-06-11","REOP","ADVERTISING INJURY",1056.0,2654.0,122.0,865.0,NULL
"PLB010277","Patricia Hernandez","6733 Elm Dr","Portland","FL",35285,"20240319","20250319",17.2,58010,22342,"NULL","MONO","NULL","NULL","NULL","NULL","NULL",NULL,NULL,NULL,NULL,NULL
"PLB010278","Jessica Martinez","4387 Pine Rd","Austin","HI",34918,"2023-02-03","2024-02-03",17.2,91341,4803,"NULL","MONO","B-CLM-005278","2023-11-01","2023-11-08","CLSD","FOOD CONTAMINATION",7039.0,0.0,2305.0,3495.0,112.0
"PLB010279","Joseph Brown","5453 Cedar Ln","Dallas","AK",13259,"07-23-2022","07-23-2023",17.2,15102,21078,"NULL","PKG","NULL","NULL","NULL","NULL","NULL",NULL,NULL,NULL,NULL,NULL
"PLB010280","Robert Brown","4744 Oak Ave","Austin","KY",52769,"2022-04-10","2023-04-10",18.2,64074,0,"NULL","MONO","NULL","NULL","NULL","NULL","NULL",NULL,NULL,NULL,NULL,NULL
"PLB010281","Barbara Gonzalez","2767 Elm Dr","Portland","KY",86605,"04/30/2023","04/29/2024",17.2,91580,5403,"NULL","PKG","NULL","NULL","NULL","NULL","NULL",NULL,NULL,NULL,NULL,NULL
"PLB010282","William Rodriguez","8969 Cedar Ln","Boston","IA",96559,"20230706","20240705",18.1,41650,4725,"NULL","MONO","NULL","NULL","NULL","NULL","NULL",NULL,NULL,NULL,NULL,NULL
"PLB010283","Elizabeth Martinez","8616 Park Pl","Denver","GA",36997,"09/22/2023","09/21/2024",17.1,11126,27401,"NULL","PKG","B-CLM-005283","2023-09-25","2023-09-28","OPEN","COMPLETED OPERATIONS",1947.0,1946.0,0.0,1204.0,109.0
"PLB010284","Jennifer Lopez","4817 Pine Rd","Austin","MS",83281,"20221027","20231027",17.2,11039,15256,"NULL","MONO","NULL","NULL","NULL","NULL","NULL",NULL,NULL,NULL,NULL,NULL
"PLB010285","John Taylor","4109 1st Ave","Portland","CA",92387,"2022-07-24","2023-07-24",17.1,45190,17204,"NULL","MONO","NULL","NULL","NULL","NULL","NULL",NULL,NULL,NULL,NULL,NULL
"PLB010286","Joseph Hernandez","4365 Cedar Ln","Denver","MO",47262,"20230428","20240427",17.1,91341,12677,"NULL","MONO","NULL","NULL","NULL","NULL","NULL",NULL,NULL,NULL,NULL,NULL
"PLB010287","Sarah Garcia","7301 Oak Ave","Boston","MD",72173,"20220403","20230403",18.2,14279,59726,"NULL","PKG","NULL","NULL","NULL","NULL","NULL",NULL,NULL,NULL,NULL,NULL
"PLB010288","Karen Miller","6849 Elm Dr","Austin","MS",65914,"2022-08-11","2023-08-11",17.1,17000,5067,"NULL","MONO","NULL","NULL","NULL","NULL","NULL",NULL,NULL,NULL,NULL,NULL
"PLB010289","Patricia Thomas","7686 2nd St","Dallas","CO",26430,"11-29-2022","11-29-2023",17.2,91341,9244,"NULL","PKG","NULL","NULL","NULL","NULL","NULL",NULL,NULL,NULL,NULL,NULL
"PLB010290","Joseph Smith","3160 Washington St","Dallas","FL",31205,"20230815","20240814",17.1,17000,2234,"NULL","PKG","NULL","NULL","NULL","NULL","NULL",NULL,NULL,NULL,NULL,NULL
"PLB010291","Sarah Taylor","4081 Elm Dr","Dallas","KS",1256,"01/07/2024","01/06/2025",17.2,10040,6593,"NULL","MONO","NULL","NULL","NULL","NULL","NULL",NULL,NULL,NULL,NULL,NULL
"PLB010292","Michael Lopez","8526 Cedar Ln","Dallas","AK",38600,"20220929","20230929",18.2,14279,8814,"NULL","MONO","NULL","NULL","NULL","NULL","NULL",NULL,NULL,NULL,NULL,NULL
"PLB010293","Jennifer Miller","9447 Oak Ave","Austin","GA",39295,"20220830","20230830",17.1,10010,9749,"NULL","MONO","NULL","NULL","NULL","NULL","NULL",NULL,NULL,NULL,NULL,NULL
"PLB010294","Jessica Williams","3547 Washington St","Seattle","KS",19126,"2022-10-11","2023-10-11",17.1,10040,0,"NULL","MONO","NULL","NULL","NULL","NULL","NULL",NULL,NULL,NULL,NULL,NULL
"PLB010295","Richard Hernandez","3514 Park Pl","Austin","AR",27481,"2022-08-01","2023-08-01",17.1,11126,46145,"NULL","PKG","B-CLM-005295","2022-09-28","2022-10-06","OPEN","ADVERTISING INJURY",620.0,2408.0,1879.0,1879.0,NULL
"PLB010296","Richard Jones","380 Washington St","Dallas","AL",55610,"20240319","20250319",17.2,15102,10437,"NULL","PKG","NULL","NULL","NULL","NULL","NULL",NULL,NULL,NULL,NULL,NULL
"PLB010297","Patricia Lopez","2753 2nd St","Dallas","MN",87402,"20230821","20240820",17.1,91581,18020,"NULL","MONO","B-CLM-005297","2023-11-26","2024-01-25","OPEN","ADVERTISING INJURY",3521.0,1526.0,552.0,552.0,NULL
"PLB010298","Patricia Hernandez","5333 Maple Blvd","Dallas","AZ",3403,"20230318","20240317",17.1,10040,6472,"NULL","MONO","NULL","NULL","NULL","NULL","NULL",NULL,NULL,NULL,NULL,NULL
"PLB010299","Elizabeth Martin","1163 Cedar Ln","Seattle","NULL",NULL,"20230107","20240107",18.2,91580,15070,"NULL","PKG","NULL","NULL","NULL","NULL","NULL",NULL,NULL,NULL,NULL,NULL
"PLB010300","Joseph Wilson","144 Oak Ave","Austin","IN",80181,"2024-05-13","2025-05-13",17.2,10015,244,"NULL","MONO","NULL","NULL","NULL","NULL","NULL",NULL,NULL,NULL,NULL,NULL
"PLB010301","Joseph Brown","4138 Main St","Seattle","NULL",NULL,"20240125","20250124",17.2,16900,1841,"NULL","PKG","B-CLM-005301","2024-04-16","2024-05-20","OPEN","ADVERTISING INJURY",3756.0,2546.0,0.0,1030.0,NULL
"PLB010302","James Miller","2074 Park Pl","Austin","NULL",NULL,"06-10-2024","06-10-2025",18.1,44000,7925,"NULL","MONO","B-CLM-005302","2024-07-30","2024-08-01","CLSD","FIRE DAMAGE",0.0,3335.0,0.0,0.0,4172.0
"PLB010303","William Jackson","508 Oak Ave","Austin","CO",7977,"20240422","20250422",18.1,11000,6867,"NULL","PKG","B-CLM-005303","2024-06-22","2024-08-06","OPEN","COMPLETED OPERATIONS",0.0,0.0,0.0,0.0,NULL
"PLB010304","David Jackson","149 Cedar Ln","Dallas","FL",35204,"2023-08-23","2024-08-22",17.1,95625,41589,"NULL","MONO","NULL","NULL","NULL","NULL","NULL",NULL,NULL,NULL,NULL,NULL
"PLB010305","Elizabeth Johnson","8046 2nd St","Denver","GA",33325,"20231025","20241024",18.2,50100,31011,"NULL","MONO","B-CLM-005305","2023-11-27","2023-12-27","OPEN","FIRE DAMAGE",11010.0,1205.0,0.0,0.0,NULL
"PLB010306","David Garcia","7158 Elm Dr","Austin","KY",37087,"11-17-2023","11-16-2024",17.1,66561,0,"NULL","MONO","NULL","NULL","NULL","NULL","NULL",NULL,NULL,NULL,NULL,NULL
"PLB010307","Sarah Williams","3953 Cedar Ln","Boston","IN",99898,"2022-02-26","2023-02-26",17.1,91580,19134,"NULL","PKG","NULL","NULL","NULL","NULL","NULL",NULL,NULL,NULL,NULL,NULL
"PLB010308","Thomas Smith","1256 Park Pl","Seattle","AR",44822,"20220327","20230327",17.1,11000,24678,"NULL","PKG","NULL","NULL","NULL","NULL","NULL",NULL,NULL,NULL,NULL,NULL
"PLB010309","Mary Smith","4351 Park Pl","Austin","ID",67571,"2023-06-19","2024-06-18",18.2,13333,43602,"NULL","MONO","NULL","NULL","NULL","NULL","NULL",NULL,NULL,NULL,NULL,NULL
"PLB010310","Jessica Jackson","4530 Elm Dr","Denver","AZ",68827,"20221103","20231103",17.1,48800,47926,"NULL","PKG","NULL","NULL","NULL","NULL","NULL",NULL,NULL,NULL,NULL,NULL
"PLB010311","Richard Garcia","4898 Main St","Denver","AK",64966,"10/01/2022","10/01/2023",18.1,66561,4087,"NULL","MONO","B-CLM-005311","2023-07-25","2023-08-02","CLSD","LIABILITY - PROPERTY DAMAGE",2886.0,2701.0,1234.0,1677.0,NULL
"PLB010312","Linda Rodriguez","8859 1st Ave","Denver","IN",83906,"01-27-2022","01-27-2023",18.2,11039,8356,"NULL","PKG","B-CLM-005312","2022-07-19","2022-08-13","REOP","FOOD CONTAMINATION",0.0,3913.0,468.0,468.0,NULL
"PLB010313","Michael Brown","9709 Pine Rd","Portland","MO",92361,"20230624","20240623",17.1,16900,5195,"NULL","MONO","NULL","NULL","NULL","NULL","NULL",NULL,NULL,NULL,NULL,NULL
"PLB010314","James Garcia","6003 Maple Blvd","Portland","IN",72419,"01-01-2022","01-01-2023",17.2,10070,2359,"NULL","PKG","NULL","NULL","NULL","NULL","NULL",NULL,NULL,NULL,NULL,NULL
"PLB010315","Jessica Thomas","1170 Park Pl","Dallas","AK",49898,"2024-06-12","2025-06-12",18.1,95648,751,"NULL","MONO","NULL","NULL","NULL","NULL","NULL",NULL,NULL,NULL,NULL,NULL
"PLB010316","Susan Taylor","1813 Pine Rd","Portland","MS",92664,"20220103","20230103",18.2,66561,19340,"NULL","PKG","NULL","NULL","NULL","NULL","NULL",NULL,NULL,NULL,NULL,NULL
"PLB010317","Charles Martinez","1579 Cedar Ln","Portland","LA",94501,"2023-09-25","2024-09-24",18.2,11000,21435,"NULL","MONO","NULL","NULL","NULL","NULL","NULL",NULL,NULL,NULL,NULL,NULL
"PLB010318","Mary Smith","9834 Washington St","Portland","MI",24894,"07/04/2022","07/04/2023",18.2,13333,7343,"NULL","MONO","B-CLM-005318","2023-05-05","2023-05-19","CLSD","SLIP/TRIP AND FALL",1353.0,0.0,569.0,569.0,NULL
"PLB010319","Jennifer Smith","5191 Cedar Ln","Seattle","IL",67758,"11-30-2023","11-29-2024",18.2,10010,6250,"NULL","PKG","NULL","NULL","NULL","NULL","NULL",NULL,NULL,NULL,NULL,NULL
"PLB010320","Linda Lopez","4328 1st Ave","Seattle","GA",32654,"02-26-2024","02-25-2025",17.2,10040,2018,"NULL","MONO","NULL","NULL","NULL","NULL","NULL",NULL,NULL,NULL,NULL,NULL
"PLB010321","John Lopez","8347 Maple Blvd","Denver","HI",86008,"09-11-2023","09-10-2024",17.2,10005,43333,"NULL","MONO","B-CLM-005321","2023-11-27","2023-12-09","REOP","LIABILITY - BODILY INJURY",73604.0,1016.0,889.0,889.0,NULL
"PLB010322","Barbara Anderson","323 Maple Blvd","Seattle","IL",66426,"20230508","20240507",17.2,10050,3880,"NULL","MONO","NULL","NULL","NULL","NULL","NULL",NULL,NULL,NULL,NULL,NULL
"PLB010323","David Johnson","615 1st Ave","Portland","CO",45475,"2022-02-24","2023-02-24",18.1,11126,654,"NULL","MONO","B-CLM-005323","2022-08-20","2022-10-15","CLSD","PERSONAL INJURY",355.0,0.0,157.0,794.0,NULL
"PLB010324","Jessica Martin","1490 2nd St","Seattle","CA",93342,"2022-07-18","2023-07-18",18.2,60010,2881,"NULL","MONO","NULL","NULL","NULL","NULL","NULL",NULL,NULL,NULL,NULL,NULL
"PLB010325","Linda Johnson","4276 Cedar Ln","Boston","NULL",NULL,"20240607","20250607",17.2,95648,13112,"NULL","MONO","NULL","NULL","NULL","NULL","NULL",NULL,NULL,NULL,NULL,NULL
"PLB010326","Linda Hernandez","3860 Maple Blvd","Austin","NULL",NULL,"2023-09-16","2024-09-15",18.1,10015,21669,"NULL","MONO","NULL","NULL","NULL","NULL","NULL",NULL,NULL,NULL,NULL,NULL
"PLB010327","Barbara Garcia","4668 Maple Blvd","Portland","MN",54460,"20240612","20250612",18.2,66561,7475,"NULL","MONO","NULL","NULL","NULL","NULL","NULL",NULL,NULL,NULL,NULL,NULL
"PLB010328","James Hernandez","4047 Washington St","Austin","ID",28788,"12/06/2023","12/05/2024",18.2,18200,10860,"NULL","PKG","NULL","NULL","NULL","NULL","NULL",NULL,NULL,NULL,NULL,NULL
"PLB010329","Robert Thomas","1814 Maple Blvd","Seattle","ME",24630,"20230817","20240816",17.2,10060,11133,"NULL","PKG","NULL","NULL","NULL","NULL","NULL",NULL,NULL,NULL,NULL,NULL
"PLB010330","Charles Moore","3574 Elm Dr","Dallas","CO",10102,"2022-10-02","2023-10-02",17.2,16900,66528,"NULL","MONO","B-CLM-005330","2023-01-30","2023-03-08","REOP","SLIP/TRIP AND FALL",0.0,0.0,1197.0,1875.0,NULL
"PLB010331","Karen Moore","7978 1st Ave","Austin","NULL",NULL,"20231210","20241209",18.2,10005,6861,"NULL","MONO","NULL","NULL","NULL","NULL","NULL",NULL,NULL,NULL,NULL,NULL
"PLB010332","John Jackson","8461 Main St","Seattle","CT",46823,"20230117","20240117",17.1,43891,2162,"NULL","PKG","NULL","NULL","NULL","NULL","NULL",NULL,NULL,NULL,NULL,NULL
"PLB010333","James Lopez","4670 Cedar Ln","Boston","ME",96715,"11/20/2022","11/20/2023",17.1,10010,61790,"NULL","MONO","NULL","NULL","NULL","NULL","NULL",NULL,NULL,NULL,NULL,NULL
"PLB010334","Michael Wilson","6976 Park Pl","Dallas","MI",48268,"20230204","20240204",18.1,91341,407356,"NULL","PKG","B-CLM-005334","2023-03-22","2023-04-10","REOP","FOOD CONTAMINATION",3358.0,42646.0,983.0,983.0,NULL
"PLB010335","James Martin","3978 Elm Dr","Austin","AL",12657,"2023-06-25","2024-06-24",18.2,95648,10611,"NULL","MONO","B-CLM-005335","2024-03-21","2024-05-11","CLSD","ADVERTISING INJURY",1323.0,0.0,0.0,0.0,NULL
"PLB010336","Patricia Anderson","8073 2nd St","Portland","AZ",12746,"07/21/2023","07/20/2024",18.1,91581,21838,"NULL","MONO","NULL","NULL","NULL","NULL","NULL",NULL,NULL,NULL,NULL,NULL
"PLB010337","Susan Taylor","2171 Main St","Denver","AR",22570,"2023-07-09","2024-07-08",18.1,91341,6302,"NULL","MONO","B-CLM-005337","2024-05-12","2024-06-03","OPEN","PERSONAL INJURY",12658.0,1492.0,756.0,756.0,79.0
"PLB010338","Jennifer Taylor","2769 Park Pl","Denver","FL",34001,"20220224","20230224",17.2,60010,3846,"NULL","MONO","NULL","NULL","NULL","NULL","NULL",NULL,NULL,NULL,NULL,NULL
"PLB010339","Jennifer Anderson","1889 Oak Ave","Portland","FL",36105,"20240105","20250104",17.2,16900,31889,"NULL","PKG","B-CLM-005339","2024-02-07","2024-03-29","OPEN","LIABILITY - PROPERTY DAMAGE",13021.0,0.0,0.0,0.0,NULL
"PLB010340","Michael Wilson","5746 Elm Dr","Denver","CT",44716,"02/14/2022","02/14/2023",18.2,10060,1511,"NULL","MONO","B-CLM-005340","2022-10-19","2022-12-16","REOP","LIABILITY - PROPERTY DAMAGE",3932.0,5784.0,3189.0,3189.0,192.0
"PLB010341","Thomas Johnson","6745 Maple Blvd","Denver","CT",60673,"02/29/2024","02/28/2025",17.1,91580,3813,"NULL","MONO","B-CLM-005341","2024-06-01","2024-07-01","OPEN","ADVERTISING INJURY",0.0,9591.0,0.0,2145.0,1788.0
"PLB010342","Michael Jackson","3094 Main St","Denver","CO",8551,"2022-11-22","2023-11-22",18.2,10015,56366,"NULL","PKG","B-CLM-005342","2022-12-16","2023-01-07","CLSD","PROPERTY DAMAGE",2445.0,0.0,0.0,797.0,NULL
"PLB010343","Mary Garcia","2855 Main St","Seattle","AL",95354,"11/14/2023","11/13/2024",17.2,10060,4711,"NULL","MONO","NULL","NULL","NULL","NULL","NULL",NULL,NULL,NULL,NULL,NULL
"PLB010344","Mary Smith","2687 1st Ave","Boston","AZ",1515,"2023-11-14","2024-11-13",17.2,15102,6619,"NULL","MONO","NULL","NULL","NULL","NULL","NULL",NULL,NULL,NULL,NULL,NULL
"PLB010345","Jessica Brown","7357 Pine Rd","Dallas","ID",79805,"03-28-2024","03-28-2025",18.2,91580,17675,"NULL","PKG","NULL","NULL","NULL","NULL","NULL",NULL,NULL,NULL,NULL,NULL
"PLB010346","Elizabeth Smith","3430 Washington St","Austin","DE",4520,"11/14/2023","11/13/2024",17.1,15102,1339,"NULL","PKG","NULL","NULL","NULL","NULL","NULL",NULL,NULL,NULL,NULL,NULL
"PLB010347","Mary Wilson","8077 Washington St","Denver","NULL",NULL,"09-19-2023","09-18-2024",17.1,10005,2073,"NULL","MONO","B-CLM-005347","2024-01-10","2024-03-07","OPEN","SLIP/TRIP AND FALL",659.0,1408.0,0.0,0.0,NULL
"PLB010348","Linda Thomas","8307 Maple Blvd","Boston","LA",23394,"03/02/2022","03/02/2023",18.2,41668,20471,"NULL","PKG","NULL","NULL","NULL","NULL","NULL",NULL,NULL,NULL,NULL,NULL
"PLB010349","James Miller","2732 Cedar Ln","Austin","AL",17365,"20220103","20230103",18.2,18200,5520,"NULL","MONO","NULL","NULL","NULL","NULL","NULL",NULL,NULL,NULL,NULL,NULL
